IID,rs123456
r1,1
r10,0
r100,0
r1000,0
r101,0
r102,0
r103,0
r104,0
r105,1
r106,1
r107,0
r108,0
r109,0
r11,0
r110,0
r111,0
r112,0
r113,0
r114,0
r115,0
r116,0
r117,0
r118,0
r119,0
r12,0
r120,0
r121,0
r122,0
r123,0
r124,0
r125,0
r126,0
r127,1
r128,1
r129,0
r13,1
r130,0
r131,1
r132,0
r133,0
r134,1
r135,1
r136,0
r137,0
r138,0
r139,0
r14,0
r140,0
r141,0
r142,0
r143,0
r144,0
r145,0
r146,0
r147,0
r148,1
r149,0
r15,0
r150,0
r151,0
r152,0
r153,0
r154,0
r155,0
r156,0
r157,0
r158,0
r159,0
r16,1
r160,0
r161,1
r162,0
r163,0
r164,0
r165,0
r166,0
r167,0
r168,0
r169,0
r17,1
r170,0
r171,0
r172,0
r173,0
r174,0
r175,0
r176,0
r177,0
r178,0
r179,0
r18,0
r180,0
r181,1
r182,1
r183,0
r184,0
r185,0
r186,0
r187,1
r188,0
r189,0
r19,0
r190,0
r191,0
r192,0
r193,0
r194,0
r195,0
r196,0
r197,0
r198,0
r199,0
r2,1
r20,0
r200,0
r201,1
r202,0
r203,1
r204,0
r205,0
r206,0
r207,1
r208,0
r209,0
r21,1
r210,0
r211,0
r212,0
r213,0
r214,0
r215,0
r216,0
r217,0
r218,0
r219,0
r22,0
r220,1
r221,0
r222,0
r223,0
r224,1
r225,0
r226,0
r227,0
r228,0
r229,0
r23,1
r230,0
r231,0
r232,0
r233,0
r234,0
r235,1
r236,0
r237,0
r238,1
r239,0
r24,1
r240,0
r241,0
r242,0
r243,0
r244,0
r245,0
r246,0
r247,0
r248,0
r249,0
r25,0
r250,1
r251,0
r252,0
r253,0
r254,0
r255,0
r256,0
r257,0
r258,0
r259,0
r26,0
r260,0
r261,0
r262,0
r263,0
r264,1
r265,0
r266,0
r267,1
r268,0
r269,1
r27,0
r270,1
r271,0
r272,0
r273,0
r274,0
r275,1
r276,0
r277,0
r278,0
r279,0
r28,1
r280,0
r281,0
r282,0
r283,0
r284,1
r285,0
r286,0
r287,0
r288,0
r289,0
r29,0
r290,0
r291,1
r292,0
r293,0
r294,0
r295,0
r296,0
r297,0
r298,0
r299,0
r3,0
r30,0
r300,0
r301,0
r302,0
r303,0
r304,0
r305,1
r306,1
r307,0
r308,0
r309,0
r31,0
r310,0
r311,0
r312,1
r313,0
r314,0
r315,0
r316,1
r317,0
r318,0
r319,1
r32,0
r320,1
r321,0
r322,0
r323,0
r324,0
r325,0
r326,1
r327,0
r328,0
r329,0
r33,0
r330,0
r331,1
r332,0
r333,0
r334,0
r335,0
r336,0
r337,0
r338,0
r339,0
r34,0
r340,0
r341,0
r342,0
r343,0
r344,0
r345,0
r346,0
r347,1
r348,0
r349,0
r35,0
r350,1
r351,0
r352,0
r353,0
r354,0
r355,0
r356,0
r357,0
r358,1
r359,0
r36,0
r360,0
r361,0
r362,0
r363,0
r364,1
r365,0
r366,0
r367,0
r368,1
r369,0
r37,0
r370,0
r371,0
r372,0
r373,0
r374,0
r375,0
r376,1
r377,0
r378,0
r379,0
r38,0
r380,0
r381,0
r382,0
r383,0
r384,0
r385,0
r386,0
r387,0
r388,1
r389,0
r39,1
r390,0
r391,1
r392,0
r393,0
r394,0
r395,0
r396,0
r397,1
r398,1
r399,0
r4,0
r40,0
r400,0
r401,0
r402,0
r403,0
r404,0
r405,1
r406,0
r407,1
r408,0
r409,0
r41,0
r410,0
r411,0
r412,0
r413,0
r414,0
r415,0
r416,0
r417,0
r418,0
r419,0
r42,0
r420,0
r421,0
r422,0
r423,1
r424,0
r425,0
r426,0
r427,0
r428,0
r429,0
r43,0
r430,0
r431,0
r432,0
r433,0
r434,0
r435,1
r436,0
r437,0
r438,0
r439,0
r44,1
r440,0
r441,0
r442,1
r443,0
r444,1
r445,0
r446,0
r447,0
r448,0
r449,0
r45,0
r450,0
r451,0
r452,0
r453,0
r454,0
r455,0
r456,0
r457,0
r458,0
r459,1
r46,1
r460,0
r461,0
r462,0
r463,0
r464,0
r465,0
r466,0
r467,0
r468,0
r469,0
r47,1
r470,1
r471,0
r472,0
r473,1
r474,1
r475,0
r476,0
r477,0
r478,1
r479,0
r48,0
r480,0
r481,0
r482,0
r483,0
r484,0
r485,1
r486,0
r487,1
r488,0
r489,0
r49,1
r490,0
r491,1
r492,0
r493,0
r494,0
r495,0
r496,0
r497,0
r498,0
r499,0
r5,0
r50,0
r500,0
r501,0
r502,0
r503,0
r504,0
r505,0
r506,1
r507,0
r508,0
r509,1
r51,0
r510,0
r511,0
r512,0
r513,0
r514,0
r515,0
r516,0
r517,0
r518,0
r519,0
r52,0
r520,0
r521,0
r522,1
r523,0
r524,0
r525,0
r526,0
r527,0
r528,1
r529,0
r53,0
r530,0
r531,1
r532,0
r533,0
r534,0
r535,0
r536,0
r537,0
r538,0
r539,0
r54,0
r540,0
r541,0
r542,1
r543,0
r544,0
r545,0
r546,0
r547,0
r548,0
r549,0
r55,0
r550,0
r551,1
r552,0
r553,0
r554,0
r555,0
r556,0
r557,1
r558,0
r559,1
r56,0
r560,0
r561,0
r562,0
r563,0
r564,0
r565,0
r566,0
r567,0
r568,0
r569,0
r57,0
r570,0
r571,0
r572,0
r573,1
r574,0
r575,0
r576,0
r577,0
r578,0
r579,0
r58,0
r580,0
r581,0
r582,1
r583,0
r584,0
r585,0
r586,0
r587,1
r588,1
r589,0
r59,0
r590,0
r591,0
r592,0
r593,0
r594,1
r595,0
r596,0
r597,0
r598,0
r599,0
r6,0
r60,0
r600,0
r601,0
r602,0
r603,0
r604,0
r605,0
r606,0
r607,0
r608,0
r609,0
r61,0
r610,0
r611,0
r612,0
r613,0
r614,0
r615,0
r616,1
r617,0
r618,0
r619,0
r62,1
r620,0
r621,0
r622,0
r623,0
r624,0
r625,0
r626,0
r627,0
r628,0
r629,0
r63,0
r630,0
r631,0
r632,0
r633,0
r634,0
r635,0
r636,0
r637,0
r638,0
r639,1
r64,0
r640,0
r641,0
r642,0
r643,0
r644,0
r645,0
r646,0
r647,0
r648,0
r649,1
r65,0
r650,1
r651,0
r652,1
r653,1
r654,0
r655,0
r656,0
r657,0
r658,0
r659,0
r66,0
r660,0
r661,0
r662,1
r663,0
r664,0
r665,0
r666,0
r667,0
r668,0
r669,0
r67,0
r670,0
r671,0
r672,0
r673,0
r674,0
r675,0
r676,0
r677,0
r678,0
r679,0
r68,0
r680,0
r681,0
r682,1
r683,0
r684,1
r685,0
r686,0
r687,0
r688,0
r689,0
r69,0
r690,0
r691,0
r692,0
r693,1
r694,0
r695,0
r696,0
r697,0
r698,1
r699,1
r7,0
r70,0
r700,0
r701,0
r702,0
r703,0
r704,0
r705,0
r706,0
r707,0
r708,0
r709,0
r71,0
r710,0
r711,1
r712,1
r713,0
r714,0
r715,0
r716,0
r717,0
r718,0
r719,0
r72,0
r720,0
r721,0
r722,0
r723,0
r724,0
r725,0
r726,0
r727,0
r728,0
r729,0
r73,0
r730,0
r731,0
r732,1
r733,1
r734,1
r735,0
r736,0
r737,0
r738,0
r739,0
r74,0
r740,1
r741,1
r742,0
r743,0
r744,1
r745,1
r746,0
r747,0
r748,0
r749,1
r75,0
r750,0
r751,0
r752,0
r753,0
r754,0
r755,0
r756,0
r757,0
r758,0
r759,1
r76,0
r760,1
r761,1
r762,0
r763,0
r764,0
r765,0
r766,0
r767,1
r768,0
r769,0
r77,0
r770,0
r771,0
r772,0
r773,0
r774,0
r775,0
r776,0
r777,1
r778,1
r779,0
r78,0
r780,1
r781,0
r782,0
r783,0
r784,0
r785,0
r786,0
r787,0
r788,0
r789,0
r79,0
r790,0
r791,1
r792,0
r793,0
r794,0
r795,0
r796,0
r797,0
r798,0
r799,0
r8,0
r80,0
r800,0
r801,1
r802,1
r803,0
r804,0
r805,0
r806,0
r807,0
r808,0
r809,0
r81,0
r810,0
r811,0
r812,1
r813,0
r814,0
r815,0
r816,0
r817,1
r818,0
r819,0
r82,0
r820,0
r821,0
r822,0
r823,0
r824,0
r825,0
r826,1
r827,0
r828,0
r829,0
r83,0
r830,0
r831,0
r832,0
r833,0
r834,0
r835,0
r836,0
r837,0
r838,0
r839,1
r84,0
r840,0
r841,0
r842,0
r843,0
r844,0
r845,0
r846,0
r847,0
r848,0
r849,0
r85,0
r850,0
r851,0
r852,0
r853,0
r854,0
r855,0
r856,0
r857,0
r858,1
r859,0
r86,0
r860,1
r861,1
r862,0
r863,0
r864,0
r865,0
r866,1
r867,0
r868,0
r869,0
r87,0
r870,0
r871,0
r872,1
r873,0
r874,0
r875,0
r876,0
r877,0
r878,0
r879,1
r88,0
r880,0
r881,1
r882,0
r883,0
r884,0
r885,1
r886,0
r887,0
r888,0
r889,0
r89,0
r890,0
r891,0
r892,0
r893,0
r894,0
r895,0
r896,1
r897,0
r898,0
r899,0
r9,0
r90,0
r900,0
r901,0
r902,0
r903,0
r904,0
r905,0
r906,1
r907,0
r908,0
r909,0
r91,0
r910,0
r911,0
r912,0
r913,1
r914,1
r915,0
r916,0
r917,1
r918,0
r919,0
r92,0
r920,0
r921,0
r922,1
r923,1
r924,0
r925,0
r926,1
r927,0
r928,0
r929,0
r93,0
r930,0
r931,0
r932,1
r933,1
r934,1
r935,0
r936,0
r937,0
r938,0
r939,0
r94,1
r940,0
r941,0
r942,0
r943,0
r944,0
r945,0
r946,0
r947,0
r948,0
r949,0
r95,1
r950,0
r951,0
r952,0
r953,0
r954,0
r955,0
r956,0
r957,0
r958,0
r959,0
r96,0
r960,0
r961,0
r962,0
r963,0
r964,0
r965,0
r966,1
r967,0
r968,0
r969,0
r97,0
r970,0
r971,0
r972,0
r973,0
r974,0
r975,0
r976,0
r977,0
r978,0
r979,0
r98,0
r980,0
r981,0
r982,0
r983,0
r984,0
r985,0
r986,0
r987,1
r988,0
r989,0
r99,0
r990,1
r991,0
r992,0
r993,0
r994,1
r995,0
r996,0
r997,0
r998,0
r999,0
